video_name,video_path,duration_in_seconds,FPS,total_frame_count,video_root_name,label
trial_lie_002_000.mp4,./data/Video_chunks/Video_chunks\trial_lie_002_000.mp4,4.21,29.97002997002997,126.17382617382616,trial_lie_002,lie
trial_lie_002_001.mp4,./data/Video_chunks/Video_chunks\trial_lie_002_001.mp4,3.9,29.97002997002997,116.88311688311688,trial_lie_002,lie
trial_lie_002_002.mp4,./data/Video_chunks/Video_chunks\trial_lie_002_002.mp4,3.9,29.97002997002997,116.88311688311688,trial_lie_002,lie
trial_lie_002_003.mp4,./data/Video_chunks/Video_chunks\trial_lie_002_003.mp4,4.21,29.97002997002997,126.17382617382616,trial_lie_002,lie
trial_lie_002_004.mp4,./data/Video_chunks/Video_chunks\trial_lie_002_004.mp4,3.9,29.97002997002997,116.88311688311688,trial_lie_002,lie
trial_lie_002_005.mp4,./data/Video_chunks/Video_chunks\trial_lie_002_005.mp4,3.9,29.97002997002997,116.88311688311688,trial_lie_002,lie
trial_lie_002_006.mp4,./data/Video_chunks/Video_chunks\trial_lie_002_006.mp4,4.21,29.97002997002997,126.17382617382616,trial_lie_002,lie
trial_lie_002_007.mp4,./data/Video_chunks/Video_chunks\trial_lie_002_007.mp4,3.9,29.97002997002997,116.88311688311688,trial_lie_002,lie
trial_lie_002_008.mp4,./data/Video_chunks/Video_chunks\trial_lie_002_008.mp4,3.88,29.97002997002997,116.28371628371627,trial_lie_002,lie
trial_lie_002_009.mp4,./data/Video_chunks/Video_chunks\trial_lie_002_009.mp4,4.21,29.97002997002997,126.17382617382616,trial_lie_002,lie
trial_lie_002_010.mp4,./data/Video_chunks/Video_chunks\trial_lie_002_010.mp4,3.9,29.97002997002997,116.88311688311688,trial_lie_002,lie
trial_lie_002_011.mp4,./data/Video_chunks/Video_chunks\trial_lie_002_011.mp4,3.9,29.97002997002997,116.88311688311688,trial_lie_002,lie
trial_lie_002_012.mp4,./data/Video_chunks/Video_chunks\trial_lie_002_012.mp4,4.21,29.97002997002997,126.17382617382616,trial_lie_002,lie
trial_lie_002_013.mp4,./data/Video_chunks/Video_chunks\trial_lie_002_013.mp4,3.9,29.97002997002997,116.88311688311688,trial_lie_002,lie
trial_lie_002_014.mp4,./data/Video_chunks/Video_chunks\trial_lie_002_014.mp4,3.9,29.97002997002997,116.88311688311688,trial_lie_002,lie
trial_lie_005_000.mp4,./data/Video_chunks/Video_chunks\trial_lie_005_000.mp4,4.21,29.97002997002997,126.17382617382616,trial_lie_005,lie
trial_lie_005_001.mp4,./data/Video_chunks/Video_chunks\trial_lie_005_001.mp4,3.9,29.97002997002997,116.88311688311688,trial_lie_005,lie
trial_lie_005_002.mp4,./data/Video_chunks/Video_chunks\trial_lie_005_002.mp4,3.9,29.97002997002997,116.88311688311688,trial_lie_005,lie
trial_lie_005_003.mp4,./data/Video_chunks/Video_chunks\trial_lie_005_003.mp4,4.21,29.97002997002997,126.17382617382616,trial_lie_005,lie
trial_lie_005_004.mp4,./data/Video_chunks/Video_chunks\trial_lie_005_004.mp4,3.9,29.97002997002997,116.88311688311688,trial_lie_005,lie
trial_lie_005_005.mp4,./data/Video_chunks/Video_chunks\trial_lie_005_005.mp4,3.9,29.97002997002997,116.88311688311688,trial_lie_005,lie
trial_lie_005_006.mp4,./data/Video_chunks/Video_chunks\trial_lie_005_006.mp4,4.21,29.97002997002997,126.17382617382616,trial_lie_005,lie
trial_lie_005_007.mp4,./data/Video_chunks/Video_chunks\trial_lie_005_007.mp4,3.9,29.97002997002997,116.88311688311688,trial_lie_005,lie
trial_lie_005_008.mp4,./data/Video_chunks/Video_chunks\trial_lie_005_008.mp4,3.88,29.97002997002997,116.28371628371627,trial_lie_005,lie
trial_lie_005_009.mp4,./data/Video_chunks/Video_chunks\trial_lie_005_009.mp4,4.21,29.97002997002997,126.17382617382616,trial_lie_005,lie
trial_lie_005_010.mp4,./data/Video_chunks/Video_chunks\trial_lie_005_010.mp4,3.9,29.97002997002997,116.88311688311688,trial_lie_005,lie
trial_lie_005_011.mp4,./data/Video_chunks/Video_chunks\trial_lie_005_011.mp4,3.9,29.97002997002997,116.88311688311688,trial_lie_005,lie
trial_lie_005_012.mp4,./data/Video_chunks/Video_chunks\trial_lie_005_012.mp4,4.21,29.97002997002997,126.17382617382616,trial_lie_005,lie
trial_lie_007_000.mp4,./data/Video_chunks/Video_chunks\trial_lie_007_000.mp4,4.21,29.97002997002997,126.17382617382616,trial_lie_007,lie
trial_lie_007_001.mp4,./data/Video_chunks/Video_chunks\trial_lie_007_001.mp4,3.9,29.97002997002997,116.88311688311688,trial_lie_007,lie
trial_lie_007_002.mp4,./data/Video_chunks/Video_chunks\trial_lie_007_002.mp4,3.9,29.97002997002997,116.88311688311688,trial_lie_007,lie
trial_lie_007_003.mp4,./data/Video_chunks/Video_chunks\trial_lie_007_003.mp4,4.21,29.97002997002997,126.17382617382616,trial_lie_007,lie
trial_lie_007_004.mp4,./data/Video_chunks/Video_chunks\trial_lie_007_004.mp4,3.9,29.97002997002997,116.88311688311688,trial_lie_007,lie
trial_lie_007_005.mp4,./data/Video_chunks/Video_chunks\trial_lie_007_005.mp4,3.9,29.97002997002997,116.88311688311688,trial_lie_007,lie
trial_lie_007_006.mp4,./data/Video_chunks/Video_chunks\trial_lie_007_006.mp4,4.21,29.97002997002997,126.17382617382616,trial_lie_007,lie
trial_lie_007_007.mp4,./data/Video_chunks/Video_chunks\trial_lie_007_007.mp4,3.9,29.97002997002997,116.88311688311688,trial_lie_007,lie
trial_lie_007_008.mp4,./data/Video_chunks/Video_chunks\trial_lie_007_008.mp4,3.88,29.97002997002997,116.28371628371627,trial_lie_007,lie
trial_lie_007_009.mp4,./data/Video_chunks/Video_chunks\trial_lie_007_009.mp4,4.21,29.97002997002997,126.17382617382616,trial_lie_007,lie
trial_lie_007_010.mp4,./data/Video_chunks/Video_chunks\trial_lie_007_010.mp4,3.9,29.97002997002997,116.88311688311688,trial_lie_007,lie
trial_lie_011_000.mp4,./data/Video_chunks/Video_chunks\trial_lie_011_000.mp4,4.21,29.97002997002997,126.17382617382616,trial_lie_011,lie
trial_lie_011_001.mp4,./data/Video_chunks/Video_chunks\trial_lie_011_001.mp4,3.9,29.97002997002997,116.88311688311688,trial_lie_011,lie
trial_lie_011_002.mp4,./data/Video_chunks/Video_chunks\trial_lie_011_002.mp4,3.9,29.97002997002997,116.88311688311688,trial_lie_011,lie
trial_lie_011_003.mp4,./data/Video_chunks/Video_chunks\trial_lie_011_003.mp4,4.21,29.97002997002997,126.17382617382616,trial_lie_011,lie
trial_lie_011_004.mp4,./data/Video_chunks/Video_chunks\trial_lie_011_004.mp4,3.9,29.97002997002997,116.88311688311688,trial_lie_011,lie
trial_lie_011_005.mp4,./data/Video_chunks/Video_chunks\trial_lie_011_005.mp4,3.9,29.97002997002997,116.88311688311688,trial_lie_011,lie
trial_lie_011_006.mp4,./data/Video_chunks/Video_chunks\trial_lie_011_006.mp4,4.21,29.97002997002997,126.17382617382616,trial_lie_011,lie
trial_lie_011_007.mp4,./data/Video_chunks/Video_chunks\trial_lie_011_007.mp4,3.9,29.97002997002997,116.88311688311688,trial_lie_011,lie
trial_lie_015_000.mp4,./data/Video_chunks/Video_chunks\trial_lie_015_000.mp4,4.21,29.97002997002997,126.17382617382616,trial_lie_015,lie
trial_lie_015_001.mp4,./data/Video_chunks/Video_chunks\trial_lie_015_001.mp4,3.9,29.97002997002997,116.88311688311688,trial_lie_015,lie
trial_lie_015_002.mp4,./data/Video_chunks/Video_chunks\trial_lie_015_002.mp4,3.9,29.97002997002997,116.88311688311688,trial_lie_015,lie
trial_lie_015_003.mp4,./data/Video_chunks/Video_chunks\trial_lie_015_003.mp4,4.21,29.97002997002997,126.17382617382616,trial_lie_015,lie
trial_lie_015_004.mp4,./data/Video_chunks/Video_chunks\trial_lie_015_004.mp4,3.9,29.97002997002997,116.88311688311688,trial_lie_015,lie
trial_lie_015_005.mp4,./data/Video_chunks/Video_chunks\trial_lie_015_005.mp4,3.9,29.97002997002997,116.88311688311688,trial_lie_015,lie
trial_lie_015_006.mp4,./data/Video_chunks/Video_chunks\trial_lie_015_006.mp4,4.21,29.97002997002997,126.17382617382616,trial_lie_015,lie
trial_lie_015_007.mp4,./data/Video_chunks/Video_chunks\trial_lie_015_007.mp4,3.9,29.97002997002997,116.88311688311688,trial_lie_015,lie
trial_lie_015_008.mp4,./data/Video_chunks/Video_chunks\trial_lie_015_008.mp4,3.08,29.97002997002997,92.3076923076923,trial_lie_015,lie
trial_lie_016_000.mp4,./data/Video_chunks/Video_chunks\trial_lie_016_000.mp4,4.21,29.97002997002997,126.17382617382616,trial_lie_016,lie
trial_lie_016_001.mp4,./data/Video_chunks/Video_chunks\trial_lie_016_001.mp4,3.9,29.97002997002997,116.88311688311688,trial_lie_016,lie
trial_lie_016_002.mp4,./data/Video_chunks/Video_chunks\trial_lie_016_002.mp4,3.9,29.97002997002997,116.88311688311688,trial_lie_016,lie
trial_lie_016_003.mp4,./data/Video_chunks/Video_chunks\trial_lie_016_003.mp4,4.21,29.97002997002997,126.17382617382616,trial_lie_016,lie
trial_lie_016_004.mp4,./data/Video_chunks/Video_chunks\trial_lie_016_004.mp4,3.93,29.97002997002997,117.78221778221778,trial_lie_016,lie
trial_lie_016_005.mp4,./data/Video_chunks/Video_chunks\trial_lie_016_005.mp4,3.9,29.97002997002997,116.88311688311688,trial_lie_016,lie
trial_lie_016_006.mp4,./data/Video_chunks/Video_chunks\trial_lie_016_006.mp4,4.21,29.97002997002997,126.17382617382616,trial_lie_016,lie
trial_lie_016_007.mp4,./data/Video_chunks/Video_chunks\trial_lie_016_007.mp4,3.9,29.97002997002997,116.88311688311688,trial_lie_016,lie
trial_lie_016_008.mp4,./data/Video_chunks/Video_chunks\trial_lie_016_008.mp4,3.88,29.97002997002997,116.28371628371627,trial_lie_016,lie
trial_lie_017_000.mp4,./data/Video_chunks/Video_chunks\trial_lie_017_000.mp4,4.21,29.97002997002997,126.17382617382616,trial_lie_017,lie
trial_lie_017_001.mp4,./data/Video_chunks/Video_chunks\trial_lie_017_001.mp4,3.93,29.97002997002997,117.78221778221778,trial_lie_017,lie
trial_lie_017_002.mp4,./data/Video_chunks/Video_chunks\trial_lie_017_002.mp4,3.9,29.97002997002997,116.88311688311688,trial_lie_017,lie
trial_lie_017_003.mp4,./data/Video_chunks/Video_chunks\trial_lie_017_003.mp4,4.21,29.97002997002997,126.17382617382616,trial_lie_017,lie
trial_lie_017_004.mp4,./data/Video_chunks/Video_chunks\trial_lie_017_004.mp4,3.9,29.97002997002997,116.88311688311688,trial_lie_017,lie
trial_lie_017_005.mp4,./data/Video_chunks/Video_chunks\trial_lie_017_005.mp4,3.9,29.97002997002997,116.88311688311688,trial_lie_017,lie
trial_lie_017_006.mp4,./data/Video_chunks/Video_chunks\trial_lie_017_006.mp4,4.21,29.97002997002997,126.17382617382616,trial_lie_017,lie
trial_lie_017_007.mp4,./data/Video_chunks/Video_chunks\trial_lie_017_007.mp4,3.9,29.97002997002997,116.88311688311688,trial_lie_017,lie
trial_lie_017_008.mp4,./data/Video_chunks/Video_chunks\trial_lie_017_008.mp4,3.88,29.97002997002997,116.28371628371627,trial_lie_017,lie
trial_lie_017_009.mp4,./data/Video_chunks/Video_chunks\trial_lie_017_009.mp4,4.21,29.97002997002997,126.17382617382616,trial_lie_017,lie
trial_lie_017_010.mp4,./data/Video_chunks/Video_chunks\trial_lie_017_010.mp4,3.9,29.97002997002997,116.88311688311688,trial_lie_017,lie
trial_lie_018_000.mp4,./data/Video_chunks/Video_chunks\trial_lie_018_000.mp4,4.21,29.97002997002997,126.17382617382616,trial_lie_018,lie
trial_lie_018_001.mp4,./data/Video_chunks/Video_chunks\trial_lie_018_001.mp4,3.9,29.97002997002997,116.88311688311688,trial_lie_018,lie
trial_lie_018_002.mp4,./data/Video_chunks/Video_chunks\trial_lie_018_002.mp4,3.93,29.97002997002997,117.78221778221778,trial_lie_018,lie
trial_lie_018_003.mp4,./data/Video_chunks/Video_chunks\trial_lie_018_003.mp4,4.21,29.97002997002997,126.17382617382616,trial_lie_018,lie
trial_lie_018_004.mp4,./data/Video_chunks/Video_chunks\trial_lie_018_004.mp4,3.9,29.97002997002997,116.88311688311688,trial_lie_018,lie
trial_lie_018_005.mp4,./data/Video_chunks/Video_chunks\trial_lie_018_005.mp4,3.9,29.97002997002997,116.88311688311688,trial_lie_018,lie
trial_lie_018_006.mp4,./data/Video_chunks/Video_chunks\trial_lie_018_006.mp4,4.21,29.97002997002997,126.17382617382616,trial_lie_018,lie
trial_lie_018_007.mp4,./data/Video_chunks/Video_chunks\trial_lie_018_007.mp4,3.9,29.97002997002997,116.88311688311688,trial_lie_018,lie
trial_lie_019_000.mp4,./data/Video_chunks/Video_chunks\trial_lie_019_000.mp4,4.21,29.97002997002997,126.17382617382616,trial_lie_019,lie
trial_lie_019_001.mp4,./data/Video_chunks/Video_chunks\trial_lie_019_001.mp4,3.9,29.97002997002997,116.88311688311688,trial_lie_019,lie
trial_lie_019_002.mp4,./data/Video_chunks/Video_chunks\trial_lie_019_002.mp4,3.9,29.97002997002997,116.88311688311688,trial_lie_019,lie
trial_lie_019_003.mp4,./data/Video_chunks/Video_chunks\trial_lie_019_003.mp4,4.21,29.97002997002997,126.17382617382616,trial_lie_019,lie
trial_lie_019_004.mp4,./data/Video_chunks/Video_chunks\trial_lie_019_004.mp4,3.9,29.97002997002997,116.88311688311688,trial_lie_019,lie
trial_lie_019_005.mp4,./data/Video_chunks/Video_chunks\trial_lie_019_005.mp4,3.9,29.97002997002997,116.88311688311688,trial_lie_019,lie
trial_lie_019_006.mp4,./data/Video_chunks/Video_chunks\trial_lie_019_006.mp4,4.21,29.97002997002997,126.17382617382616,trial_lie_019,lie
trial_lie_019_007.mp4,./data/Video_chunks/Video_chunks\trial_lie_019_007.mp4,3.93,29.97002997002997,117.78221778221778,trial_lie_019,lie
trial_lie_019_008.mp4,./data/Video_chunks/Video_chunks\trial_lie_019_008.mp4,3.87,29.97002997002997,115.98401598401598,trial_lie_019,lie
trial_lie_022_000.mp4,./data/Video_chunks/Video_chunks\trial_lie_022_000.mp4,4.21,29.97002997002997,126.17382617382616,trial_lie_022,lie
trial_lie_022_001.mp4,./data/Video_chunks/Video_chunks\trial_lie_022_001.mp4,3.9,29.97002997002997,116.88311688311688,trial_lie_022,lie
trial_lie_022_002.mp4,./data/Video_chunks/Video_chunks\trial_lie_022_002.mp4,3.9,29.97002997002997,116.88311688311688,trial_lie_022,lie
trial_lie_022_003.mp4,./data/Video_chunks/Video_chunks\trial_lie_022_003.mp4,4.21,29.97002997002997,126.17382617382616,trial_lie_022,lie
trial_lie_022_004.mp4,./data/Video_chunks/Video_chunks\trial_lie_022_004.mp4,3.9,29.97002997002997,116.88311688311688,trial_lie_022,lie
trial_lie_022_005.mp4,./data/Video_chunks/Video_chunks\trial_lie_022_005.mp4,3.9,29.97002997002997,116.88311688311688,trial_lie_022,lie
trial_lie_022_006.mp4,./data/Video_chunks/Video_chunks\trial_lie_022_006.mp4,4.21,29.97002997002997,126.17382617382616,trial_lie_022,lie
trial_lie_022_007.mp4,./data/Video_chunks/Video_chunks\trial_lie_022_007.mp4,3.93,29.97002997002997,117.78221778221778,trial_lie_022,lie
trial_lie_022_008.mp4,./data/Video_chunks/Video_chunks\trial_lie_022_008.mp4,3.87,29.97002997002997,115.98401598401598,trial_lie_022,lie
trial_lie_022_009.mp4,./data/Video_chunks/Video_chunks\trial_lie_022_009.mp4,4.21,29.97002997002997,126.17382617382616,trial_lie_022,lie
trial_lie_023_000.mp4,./data/Video_chunks/Video_chunks\trial_lie_023_000.mp4,4.21,29.97002997002997,126.17382617382616,trial_lie_023,lie
trial_lie_023_001.mp4,./data/Video_chunks/Video_chunks\trial_lie_023_001.mp4,3.9,29.97002997002997,116.88311688311688,trial_lie_023,lie
trial_lie_023_002.mp4,./data/Video_chunks/Video_chunks\trial_lie_023_002.mp4,3.9,29.97002997002997,116.88311688311688,trial_lie_023,lie
trial_lie_023_003.mp4,./data/Video_chunks/Video_chunks\trial_lie_023_003.mp4,4.21,29.97002997002997,126.17382617382616,trial_lie_023,lie
trial_lie_023_004.mp4,./data/Video_chunks/Video_chunks\trial_lie_023_004.mp4,3.93,29.97002997002997,117.78221778221778,trial_lie_023,lie
trial_lie_023_005.mp4,./data/Video_chunks/Video_chunks\trial_lie_023_005.mp4,3.9,29.97002997002997,116.88311688311688,trial_lie_023,lie
trial_lie_023_006.mp4,./data/Video_chunks/Video_chunks\trial_lie_023_006.mp4,4.21,29.97002997002997,126.17382617382616,trial_lie_023,lie
trial_lie_023_007.mp4,./data/Video_chunks/Video_chunks\trial_lie_023_007.mp4,3.9,29.97002997002997,116.88311688311688,trial_lie_023,lie
trial_lie_023_008.mp4,./data/Video_chunks/Video_chunks\trial_lie_023_008.mp4,3.88,29.97002997002997,116.28371628371627,trial_lie_023,lie
trial_lie_023_009.mp4,./data/Video_chunks/Video_chunks\trial_lie_023_009.mp4,4.21,29.97002997002997,126.17382617382616,trial_lie_023,lie
trial_lie_023_010.mp4,./data/Video_chunks/Video_chunks\trial_lie_023_010.mp4,3.9,29.97002997002997,116.88311688311688,trial_lie_023,lie
trial_lie_030_000.mp4,./data/Video_chunks/Video_chunks\trial_lie_030_000.mp4,4.21,29.97002997002997,126.17382617382616,trial_lie_030,lie
trial_lie_030_001.mp4,./data/Video_chunks/Video_chunks\trial_lie_030_001.mp4,3.9,29.97002997002997,116.88311688311688,trial_lie_030,lie
trial_lie_030_002.mp4,./data/Video_chunks/Video_chunks\trial_lie_030_002.mp4,3.93,29.97002997002997,117.78221778221778,trial_lie_030,lie
trial_lie_030_003.mp4,./data/Video_chunks/Video_chunks\trial_lie_030_003.mp4,4.21,29.97002997002997,126.17382617382616,trial_lie_030,lie
trial_lie_030_004.mp4,./data/Video_chunks/Video_chunks\trial_lie_030_004.mp4,3.9,29.97002997002997,116.88311688311688,trial_lie_030,lie
trial_lie_030_005.mp4,./data/Video_chunks/Video_chunks\trial_lie_030_005.mp4,3.9,29.97002997002997,116.88311688311688,trial_lie_030,lie
trial_lie_030_006.mp4,./data/Video_chunks/Video_chunks\trial_lie_030_006.mp4,4.21,29.97002997002997,126.17382617382616,trial_lie_030,lie
trial_lie_030_007.mp4,./data/Video_chunks/Video_chunks\trial_lie_030_007.mp4,3.9,29.97002997002997,116.88311688311688,trial_lie_030,lie
trial_lie_030_008.mp4,./data/Video_chunks/Video_chunks\trial_lie_030_008.mp4,3.88,29.97002997002997,116.28371628371627,trial_lie_030,lie
trial_lie_033_000.mp4,./data/Video_chunks/Video_chunks\trial_lie_033_000.mp4,3.96,25.0,99.0,trial_lie_033,lie
trial_lie_033_001.mp4,./data/Video_chunks/Video_chunks\trial_lie_033_001.mp4,3.97,25.0,99.25,trial_lie_033,lie
trial_lie_033_002.mp4,./data/Video_chunks/Video_chunks\trial_lie_033_002.mp4,4.32,25.0,108.0,trial_lie_033,lie
trial_lie_033_003.mp4,./data/Video_chunks/Video_chunks\trial_lie_033_003.mp4,3.96,25.0,99.0,trial_lie_033,lie
trial_lie_033_004.mp4,./data/Video_chunks/Video_chunks\trial_lie_033_004.mp4,3.97,25.0,99.25,trial_lie_033,lie
trial_lie_033_005.mp4,./data/Video_chunks/Video_chunks\trial_lie_033_005.mp4,3.96,25.0,99.0,trial_lie_033,lie
trial_lie_033_006.mp4,./data/Video_chunks/Video_chunks\trial_lie_033_006.mp4,3.97,25.0,99.25,trial_lie_033,lie
trial_lie_033_007.mp4,./data/Video_chunks/Video_chunks\trial_lie_033_007.mp4,3.96,25.0,99.0,trial_lie_033,lie
trial_lie_033_008.mp4,./data/Video_chunks/Video_chunks\trial_lie_033_008.mp4,3.97,25.0,99.25,trial_lie_033,lie
trial_lie_033_009.mp4,./data/Video_chunks/Video_chunks\trial_lie_033_009.mp4,3.97,25.0,99.25,trial_lie_033,lie
trial_lie_033_010.mp4,./data/Video_chunks/Video_chunks\trial_lie_033_010.mp4,3.96,25.0,99.0,trial_lie_033,lie
trial_lie_035_000.mp4,./data/Video_chunks/Video_chunks\trial_lie_035_000.mp4,4.5,10.0,45.0,trial_lie_035,lie
trial_lie_035_001.mp4,./data/Video_chunks/Video_chunks\trial_lie_035_001.mp4,3.6,10.0,36.0,trial_lie_035,lie
trial_lie_035_002.mp4,./data/Video_chunks/Video_chunks\trial_lie_035_002.mp4,4.51,10.0,45.1,trial_lie_035,lie
trial_lie_035_003.mp4,./data/Video_chunks/Video_chunks\trial_lie_035_003.mp4,3.6,10.0,36.0,trial_lie_035,lie
trial_lie_035_004.mp4,./data/Video_chunks/Video_chunks\trial_lie_035_004.mp4,3.6,10.0,36.0,trial_lie_035,lie
trial_lie_035_005.mp4,./data/Video_chunks/Video_chunks\trial_lie_035_005.mp4,4.51,10.0,45.1,trial_lie_035,lie
trial_lie_035_006.mp4,./data/Video_chunks/Video_chunks\trial_lie_035_006.mp4,3.6,10.0,36.0,trial_lie_035,lie
trial_lie_035_007.mp4,./data/Video_chunks/Video_chunks\trial_lie_035_007.mp4,4.51,10.0,45.1,trial_lie_035,lie
trial_lie_036_000.mp4,./data/Video_chunks/Video_chunks\trial_lie_036_000.mp4,4.21,29.97002997002997,126.17382617382616,trial_lie_036,lie
trial_lie_036_001.mp4,./data/Video_chunks/Video_chunks\trial_lie_036_001.mp4,3.9,29.97002997002997,116.88311688311688,trial_lie_036,lie
trial_lie_036_002.mp4,./data/Video_chunks/Video_chunks\trial_lie_036_002.mp4,3.93,29.97002997002997,117.78221778221778,trial_lie_036,lie
trial_lie_036_003.mp4,./data/Video_chunks/Video_chunks\trial_lie_036_003.mp4,4.21,29.97002997002997,126.17382617382616,trial_lie_036,lie
trial_lie_036_004.mp4,./data/Video_chunks/Video_chunks\trial_lie_036_004.mp4,3.9,29.97002997002997,116.88311688311688,trial_lie_036,lie
trial_lie_036_005.mp4,./data/Video_chunks/Video_chunks\trial_lie_036_005.mp4,3.9,29.97002997002997,116.88311688311688,trial_lie_036,lie
trial_lie_036_006.mp4,./data/Video_chunks/Video_chunks\trial_lie_036_006.mp4,4.21,29.97002997002997,126.17382617382616,trial_lie_036,lie
trial_lie_036_007.mp4,./data/Video_chunks/Video_chunks\trial_lie_036_007.mp4,3.9,29.97002997002997,116.88311688311688,trial_lie_036,lie
trial_lie_036_008.mp4,./data/Video_chunks/Video_chunks\trial_lie_036_008.mp4,3.88,29.97002997002997,116.28371628371627,trial_lie_036,lie
trial_lie_036_009.mp4,./data/Video_chunks/Video_chunks\trial_lie_036_009.mp4,3.08,29.97002997002997,92.3076923076923,trial_lie_036,lie
trial_lie_046_000.mp4,./data/Video_chunks/Video_chunks\trial_lie_046_000.mp4,4.21,29.97002997002997,126.17382617382616,trial_lie_046,lie
trial_lie_046_001.mp4,./data/Video_chunks/Video_chunks\trial_lie_046_001.mp4,3.9,29.97002997002997,116.88311688311688,trial_lie_046,lie
trial_lie_046_002.mp4,./data/Video_chunks/Video_chunks\trial_lie_046_002.mp4,3.93,29.97002997002997,117.78221778221778,trial_lie_046,lie
trial_lie_046_003.mp4,./data/Video_chunks/Video_chunks\trial_lie_046_003.mp4,4.21,29.97002997002997,126.17382617382616,trial_lie_046,lie
trial_lie_046_004.mp4,./data/Video_chunks/Video_chunks\trial_lie_046_004.mp4,3.9,29.97002997002997,116.88311688311688,trial_lie_046,lie
trial_lie_046_005.mp4,./data/Video_chunks/Video_chunks\trial_lie_046_005.mp4,3.9,29.97002997002997,116.88311688311688,trial_lie_046,lie
trial_lie_046_006.mp4,./data/Video_chunks/Video_chunks\trial_lie_046_006.mp4,4.21,29.97002997002997,126.17382617382616,trial_lie_046,lie
trial_lie_046_007.mp4,./data/Video_chunks/Video_chunks\trial_lie_046_007.mp4,3.9,29.97002997002997,116.88311688311688,trial_lie_046,lie
trial_lie_048_000.mp4,./data/Video_chunks/Video_chunks\trial_lie_048_000.mp4,4.21,29.97002997002997,126.17382617382616,trial_lie_048,lie
trial_lie_048_001.mp4,./data/Video_chunks/Video_chunks\trial_lie_048_001.mp4,3.9,29.97002997002997,116.88311688311688,trial_lie_048,lie
trial_lie_048_002.mp4,./data/Video_chunks/Video_chunks\trial_lie_048_002.mp4,3.93,29.97002997002997,117.78221778221778,trial_lie_048,lie
trial_lie_048_003.mp4,./data/Video_chunks/Video_chunks\trial_lie_048_003.mp4,4.21,29.97002997002997,126.17382617382616,trial_lie_048,lie
trial_lie_048_004.mp4,./data/Video_chunks/Video_chunks\trial_lie_048_004.mp4,3.9,29.97002997002997,116.88311688311688,trial_lie_048,lie
trial_lie_048_005.mp4,./data/Video_chunks/Video_chunks\trial_lie_048_005.mp4,3.9,29.97002997002997,116.88311688311688,trial_lie_048,lie
trial_lie_048_006.mp4,./data/Video_chunks/Video_chunks\trial_lie_048_006.mp4,4.21,29.97002997002997,126.17382617382616,trial_lie_048,lie
trial_lie_048_007.mp4,./data/Video_chunks/Video_chunks\trial_lie_048_007.mp4,3.9,29.97002997002997,116.88311688311688,trial_lie_048,lie
trial_lie_048_008.mp4,./data/Video_chunks/Video_chunks\trial_lie_048_008.mp4,3.88,29.97002997002997,116.28371628371627,trial_lie_048,lie
trial_lie_048_009.mp4,./data/Video_chunks/Video_chunks\trial_lie_048_009.mp4,4.21,29.97002997002997,126.17382617382616,trial_lie_048,lie
trial_lie_048_010.mp4,./data/Video_chunks/Video_chunks\trial_lie_048_010.mp4,3.9,29.97002997002997,116.88311688311688,trial_lie_048,lie
trial_lie_048_011.mp4,./data/Video_chunks/Video_chunks\trial_lie_048_011.mp4,3.9,29.97002997002997,116.88311688311688,trial_lie_048,lie
trial_lie_052_000.mp4,./data/Video_chunks/Video_chunks\trial_lie_052_000.mp4,4.2,30.0,126.0,trial_lie_052,lie
trial_lie_052_001.mp4,./data/Video_chunks/Video_chunks\trial_lie_052_001.mp4,3.9,30.0,117.0,trial_lie_052,lie
trial_lie_052_002.mp4,./data/Video_chunks/Video_chunks\trial_lie_052_002.mp4,3.9,30.0,117.0,trial_lie_052,lie
trial_lie_052_003.mp4,./data/Video_chunks/Video_chunks\trial_lie_052_003.mp4,4.2,30.0,126.0,trial_lie_052,lie
trial_lie_052_004.mp4,./data/Video_chunks/Video_chunks\trial_lie_052_004.mp4,3.9,30.0,117.0,trial_lie_052,lie
trial_lie_052_005.mp4,./data/Video_chunks/Video_chunks\trial_lie_052_005.mp4,3.9,30.0,117.0,trial_lie_052,lie
trial_lie_052_006.mp4,./data/Video_chunks/Video_chunks\trial_lie_052_006.mp4,4.2,30.0,126.0,trial_lie_052,lie
trial_lie_052_007.mp4,./data/Video_chunks/Video_chunks\trial_lie_052_007.mp4,3.9,30.0,117.0,trial_lie_052,lie
trial_lie_052_008.mp4,./data/Video_chunks/Video_chunks\trial_lie_052_008.mp4,3.9,30.0,117.0,trial_lie_052,lie
trial_lie_052_009.mp4,./data/Video_chunks/Video_chunks\trial_lie_052_009.mp4,4.2,30.0,126.0,trial_lie_052,lie
trial_lie_052_010.mp4,./data/Video_chunks/Video_chunks\trial_lie_052_010.mp4,3.9,30.0,117.0,trial_lie_052,lie
trial_lie_052_011.mp4,./data/Video_chunks/Video_chunks\trial_lie_052_011.mp4,3.9,30.0,117.0,trial_lie_052,lie
trial_lie_053_000.mp4,./data/Video_chunks/Video_chunks\trial_lie_053_000.mp4,4.5,10.0,45.0,trial_lie_053,lie
trial_lie_053_001.mp4,./data/Video_chunks/Video_chunks\trial_lie_053_001.mp4,3.6,10.0,36.0,trial_lie_053,lie
trial_lie_053_002.mp4,./data/Video_chunks/Video_chunks\trial_lie_053_002.mp4,4.51,10.0,45.1,trial_lie_053,lie
trial_lie_053_003.mp4,./data/Video_chunks/Video_chunks\trial_lie_053_003.mp4,3.6,10.0,36.0,trial_lie_053,lie
trial_lie_053_004.mp4,./data/Video_chunks/Video_chunks\trial_lie_053_004.mp4,3.6,10.0,36.0,trial_lie_053,lie
trial_lie_053_005.mp4,./data/Video_chunks/Video_chunks\trial_lie_053_005.mp4,4.51,10.0,45.1,trial_lie_053,lie
trial_lie_053_006.mp4,./data/Video_chunks/Video_chunks\trial_lie_053_006.mp4,3.6,10.0,36.0,trial_lie_053,lie
trial_lie_053_007.mp4,./data/Video_chunks/Video_chunks\trial_lie_053_007.mp4,4.51,10.0,45.1,trial_lie_053,lie
trial_lie_053_008.mp4,./data/Video_chunks/Video_chunks\trial_lie_053_008.mp4,3.82,10.0,38.2,trial_lie_053,lie
trial_lie_055_000.mp4,./data/Video_chunks/Video_chunks\trial_lie_055_000.mp4,4.2,30.0,126.0,trial_lie_055,lie
trial_lie_055_001.mp4,./data/Video_chunks/Video_chunks\trial_lie_055_001.mp4,3.9,30.0,117.0,trial_lie_055,lie
trial_lie_055_002.mp4,./data/Video_chunks/Video_chunks\trial_lie_055_002.mp4,3.9,30.0,117.0,trial_lie_055,lie
trial_lie_055_003.mp4,./data/Video_chunks/Video_chunks\trial_lie_055_003.mp4,4.2,30.0,126.0,trial_lie_055,lie
trial_lie_055_004.mp4,./data/Video_chunks/Video_chunks\trial_lie_055_004.mp4,3.9,30.0,117.0,trial_lie_055,lie
trial_lie_055_005.mp4,./data/Video_chunks/Video_chunks\trial_lie_055_005.mp4,3.9,30.0,117.0,trial_lie_055,lie
trial_lie_055_006.mp4,./data/Video_chunks/Video_chunks\trial_lie_055_006.mp4,4.2,30.0,126.0,trial_lie_055,lie
trial_lie_055_007.mp4,./data/Video_chunks/Video_chunks\trial_lie_055_007.mp4,3.89,30.0,116.7,trial_lie_055,lie
trial_lie_059_000.mp4,./data/Video_chunks/Video_chunks\trial_lie_059_000.mp4,4.21,29.97002997002997,126.17382617382616,trial_lie_059,lie
trial_lie_059_001.mp4,./data/Video_chunks/Video_chunks\trial_lie_059_001.mp4,3.9,29.97002997002997,116.88311688311688,trial_lie_059,lie
trial_lie_059_002.mp4,./data/Video_chunks/Video_chunks\trial_lie_059_002.mp4,3.93,29.97002997002997,117.78221778221778,trial_lie_059,lie
trial_lie_059_003.mp4,./data/Video_chunks/Video_chunks\trial_lie_059_003.mp4,4.21,29.97002997002997,126.17382617382616,trial_lie_059,lie
trial_lie_059_004.mp4,./data/Video_chunks/Video_chunks\trial_lie_059_004.mp4,3.9,29.97002997002997,116.88311688311688,trial_lie_059,lie
trial_lie_059_005.mp4,./data/Video_chunks/Video_chunks\trial_lie_059_005.mp4,3.9,29.97002997002997,116.88311688311688,trial_lie_059,lie
trial_lie_059_006.mp4,./data/Video_chunks/Video_chunks\trial_lie_059_006.mp4,4.21,29.97002997002997,126.17382617382616,trial_lie_059,lie
trial_lie_059_007.mp4,./data/Video_chunks/Video_chunks\trial_lie_059_007.mp4,3.9,29.97002997002997,116.88311688311688,trial_lie_059,lie
trial_lie_059_008.mp4,./data/Video_chunks/Video_chunks\trial_lie_059_008.mp4,3.88,29.97002997002997,116.28371628371627,trial_lie_059,lie
trial_lie_059_009.mp4,./data/Video_chunks/Video_chunks\trial_lie_059_009.mp4,4.08,29.97002997002997,122.27772227772228,trial_lie_059,lie
trial_truth_004_000.mp4,./data/Video_chunks/Video_chunks\trial_truth_004_000.mp4,4.21,29.97002997002997,126.17382617382616,trial_truth_004,truth
trial_truth_004_001.mp4,./data/Video_chunks/Video_chunks\trial_truth_004_001.mp4,3.9,29.97002997002997,116.88311688311688,trial_truth_004,truth
trial_truth_004_002.mp4,./data/Video_chunks/Video_chunks\trial_truth_004_002.mp4,3.9,29.97002997002997,116.88311688311688,trial_truth_004,truth
trial_truth_004_003.mp4,./data/Video_chunks/Video_chunks\trial_truth_004_003.mp4,4.21,29.97002997002997,126.17382617382616,trial_truth_004,truth
trial_truth_004_004.mp4,./data/Video_chunks/Video_chunks\trial_truth_004_004.mp4,3.9,29.97002997002997,116.88311688311688,trial_truth_004,truth
trial_truth_004_005.mp4,./data/Video_chunks/Video_chunks\trial_truth_004_005.mp4,3.9,29.97002997002997,116.88311688311688,trial_truth_004,truth
trial_truth_004_006.mp4,./data/Video_chunks/Video_chunks\trial_truth_004_006.mp4,4.21,29.97002997002997,126.17382617382616,trial_truth_004,truth
trial_truth_004_007.mp4,./data/Video_chunks/Video_chunks\trial_truth_004_007.mp4,3.9,29.97002997002997,116.88311688311688,trial_truth_004,truth
trial_truth_004_008.mp4,./data/Video_chunks/Video_chunks\trial_truth_004_008.mp4,3.88,29.97002997002997,116.28371628371627,trial_truth_004,truth
trial_truth_004_009.mp4,./data/Video_chunks/Video_chunks\trial_truth_004_009.mp4,4.21,29.97002997002997,126.17382617382616,trial_truth_004,truth
trial_truth_004_010.mp4,./data/Video_chunks/Video_chunks\trial_truth_004_010.mp4,3.9,29.97002997002997,116.88311688311688,trial_truth_004,truth
trial_truth_004_011.mp4,./data/Video_chunks/Video_chunks\trial_truth_004_011.mp4,3.9,29.97002997002997,116.88311688311688,trial_truth_004,truth
trial_truth_004_012.mp4,./data/Video_chunks/Video_chunks\trial_truth_004_012.mp4,4.21,29.97002997002997,126.17382617382616,trial_truth_004,truth
trial_truth_004_013.mp4,./data/Video_chunks/Video_chunks\trial_truth_004_013.mp4,3.9,29.97002997002997,116.88311688311688,trial_truth_004,truth
trial_truth_004_014.mp4,./data/Video_chunks/Video_chunks\trial_truth_004_014.mp4,3.9,29.97002997002997,116.88311688311688,trial_truth_004,truth
trial_truth_004_015.mp4,./data/Video_chunks/Video_chunks\trial_truth_004_015.mp4,4.21,29.97002997002997,126.17382617382616,trial_truth_004,truth
trial_truth_004_016.mp4,./data/Video_chunks/Video_chunks\trial_truth_004_016.mp4,3.9,29.97002997002997,116.88311688311688,trial_truth_004,truth
trial_truth_004_017.mp4,./data/Video_chunks/Video_chunks\trial_truth_004_017.mp4,3.87,29.97002997002997,115.98401598401598,trial_truth_004,truth
trial_truth_004_018.mp4,./data/Video_chunks/Video_chunks\trial_truth_004_018.mp4,4.21,29.97002997002997,126.17382617382616,trial_truth_004,truth
trial_truth_004_019.mp4,./data/Video_chunks/Video_chunks\trial_truth_004_019.mp4,3.9,29.97002997002997,116.88311688311688,trial_truth_004,truth
trial_truth_005_000.mp4,./data/Video_chunks/Video_chunks\trial_truth_005_000.mp4,4.21,29.97002997002997,126.17382617382616,trial_truth_005,truth
trial_truth_005_001.mp4,./data/Video_chunks/Video_chunks\trial_truth_005_001.mp4,3.9,29.97002997002997,116.88311688311688,trial_truth_005,truth
trial_truth_005_002.mp4,./data/Video_chunks/Video_chunks\trial_truth_005_002.mp4,3.9,29.97002997002997,116.88311688311688,trial_truth_005,truth
trial_truth_005_003.mp4,./data/Video_chunks/Video_chunks\trial_truth_005_003.mp4,4.21,29.97002997002997,126.17382617382616,trial_truth_005,truth
trial_truth_005_004.mp4,./data/Video_chunks/Video_chunks\trial_truth_005_004.mp4,3.9,29.97002997002997,116.88311688311688,trial_truth_005,truth
trial_truth_005_005.mp4,./data/Video_chunks/Video_chunks\trial_truth_005_005.mp4,3.9,29.97002997002997,116.88311688311688,trial_truth_005,truth
trial_truth_005_006.mp4,./data/Video_chunks/Video_chunks\trial_truth_005_006.mp4,4.21,29.97002997002997,126.17382617382616,trial_truth_005,truth
trial_truth_005_007.mp4,./data/Video_chunks/Video_chunks\trial_truth_005_007.mp4,3.9,29.97002997002997,116.88311688311688,trial_truth_005,truth
trial_truth_007_000.mp4,./data/Video_chunks/Video_chunks\trial_truth_007_000.mp4,4.21,29.97002997002997,126.17382617382616,trial_truth_007,truth
trial_truth_007_001.mp4,./data/Video_chunks/Video_chunks\trial_truth_007_001.mp4,3.9,29.97002997002997,116.88311688311688,trial_truth_007,truth
trial_truth_007_002.mp4,./data/Video_chunks/Video_chunks\trial_truth_007_002.mp4,3.9,29.97002997002997,116.88311688311688,trial_truth_007,truth
trial_truth_007_003.mp4,./data/Video_chunks/Video_chunks\trial_truth_007_003.mp4,4.21,29.97002997002997,126.17382617382616,trial_truth_007,truth
trial_truth_007_004.mp4,./data/Video_chunks/Video_chunks\trial_truth_007_004.mp4,3.9,29.97002997002997,116.88311688311688,trial_truth_007,truth
trial_truth_007_005.mp4,./data/Video_chunks/Video_chunks\trial_truth_007_005.mp4,3.9,29.97002997002997,116.88311688311688,trial_truth_007,truth
trial_truth_007_006.mp4,./data/Video_chunks/Video_chunks\trial_truth_007_006.mp4,4.21,29.97002997002997,126.17382617382616,trial_truth_007,truth
trial_truth_007_007.mp4,./data/Video_chunks/Video_chunks\trial_truth_007_007.mp4,3.9,29.97002997002997,116.88311688311688,trial_truth_007,truth
trial_truth_007_008.mp4,./data/Video_chunks/Video_chunks\trial_truth_007_008.mp4,3.88,29.97002997002997,116.28371628371627,trial_truth_007,truth
trial_truth_007_009.mp4,./data/Video_chunks/Video_chunks\trial_truth_007_009.mp4,4.21,29.97002997002997,126.17382617382616,trial_truth_007,truth
trial_truth_007_010.mp4,./data/Video_chunks/Video_chunks\trial_truth_007_010.mp4,3.9,29.97002997002997,116.88311688311688,trial_truth_007,truth
trial_truth_007_011.mp4,./data/Video_chunks/Video_chunks\trial_truth_007_011.mp4,3.9,29.97002997002997,116.88311688311688,trial_truth_007,truth
trial_truth_007_012.mp4,./data/Video_chunks/Video_chunks\trial_truth_007_012.mp4,4.21,29.97002997002997,126.17382617382616,trial_truth_007,truth
trial_truth_007_013.mp4,./data/Video_chunks/Video_chunks\trial_truth_007_013.mp4,3.9,29.97002997002997,116.88311688311688,trial_truth_007,truth
trial_truth_007_014.mp4,./data/Video_chunks/Video_chunks\trial_truth_007_014.mp4,3.9,29.97002997002997,116.88311688311688,trial_truth_007,truth
trial_truth_007_015.mp4,./data/Video_chunks/Video_chunks\trial_truth_007_015.mp4,4.21,29.97002997002997,126.17382617382616,trial_truth_007,truth
trial_truth_007_016.mp4,./data/Video_chunks/Video_chunks\trial_truth_007_016.mp4,3.9,29.97002997002997,116.88311688311688,trial_truth_007,truth
trial_truth_007_017.mp4,./data/Video_chunks/Video_chunks\trial_truth_007_017.mp4,3.5,29.97002997002997,104.8951048951049,trial_truth_007,truth
trial_truth_008_000.mp4,./data/Video_chunks/Video_chunks\trial_truth_008_000.mp4,4.21,29.97002997002997,126.17382617382616,trial_truth_008,truth
trial_truth_008_001.mp4,./data/Video_chunks/Video_chunks\trial_truth_008_001.mp4,3.9,29.97002997002997,116.88311688311688,trial_truth_008,truth
trial_truth_008_002.mp4,./data/Video_chunks/Video_chunks\trial_truth_008_002.mp4,3.9,29.97002997002997,116.88311688311688,trial_truth_008,truth
trial_truth_008_003.mp4,./data/Video_chunks/Video_chunks\trial_truth_008_003.mp4,4.21,29.97002997002997,126.17382617382616,trial_truth_008,truth
trial_truth_008_004.mp4,./data/Video_chunks/Video_chunks\trial_truth_008_004.mp4,3.93,29.97002997002997,117.78221778221778,trial_truth_008,truth
trial_truth_008_005.mp4,./data/Video_chunks/Video_chunks\trial_truth_008_005.mp4,3.9,29.97002997002997,116.88311688311688,trial_truth_008,truth
trial_truth_008_006.mp4,./data/Video_chunks/Video_chunks\trial_truth_008_006.mp4,4.21,29.97002997002997,126.17382617382616,trial_truth_008,truth
trial_truth_008_007.mp4,./data/Video_chunks/Video_chunks\trial_truth_008_007.mp4,3.9,29.97002997002997,116.88311688311688,trial_truth_008,truth
trial_truth_008_008.mp4,./data/Video_chunks/Video_chunks\trial_truth_008_008.mp4,3.88,29.97002997002997,116.28371628371627,trial_truth_008,truth
trial_truth_008_009.mp4,./data/Video_chunks/Video_chunks\trial_truth_008_009.mp4,4.21,29.97002997002997,126.17382617382616,trial_truth_008,truth
trial_truth_008_010.mp4,./data/Video_chunks/Video_chunks\trial_truth_008_010.mp4,3.9,29.97002997002997,116.88311688311688,trial_truth_008,truth
trial_truth_010_000.mp4,./data/Video_chunks/Video_chunks\trial_truth_010_000.mp4,4.21,29.97002997002997,126.17382617382616,trial_truth_010,truth
trial_truth_010_001.mp4,./data/Video_chunks/Video_chunks\trial_truth_010_001.mp4,3.9,29.97002997002997,116.88311688311688,trial_truth_010,truth
trial_truth_010_002.mp4,./data/Video_chunks/Video_chunks\trial_truth_010_002.mp4,3.9,29.97002997002997,116.88311688311688,trial_truth_010,truth
trial_truth_010_003.mp4,./data/Video_chunks/Video_chunks\trial_truth_010_003.mp4,4.21,29.97002997002997,126.17382617382616,trial_truth_010,truth
trial_truth_010_004.mp4,./data/Video_chunks/Video_chunks\trial_truth_010_004.mp4,3.9,29.97002997002997,116.88311688311688,trial_truth_010,truth
trial_truth_010_005.mp4,./data/Video_chunks/Video_chunks\trial_truth_010_005.mp4,3.9,29.97002997002997,116.88311688311688,trial_truth_010,truth
trial_truth_010_006.mp4,./data/Video_chunks/Video_chunks\trial_truth_010_006.mp4,4.21,29.97002997002997,126.17382617382616,trial_truth_010,truth
trial_truth_010_007.mp4,./data/Video_chunks/Video_chunks\trial_truth_010_007.mp4,3.9,29.97002997002997,116.88311688311688,trial_truth_010,truth
trial_truth_010_008.mp4,./data/Video_chunks/Video_chunks\trial_truth_010_008.mp4,3.88,29.97002997002997,116.28371628371627,trial_truth_010,truth
trial_truth_010_009.mp4,./data/Video_chunks/Video_chunks\trial_truth_010_009.mp4,4.21,29.97002997002997,126.17382617382616,trial_truth_010,truth
trial_truth_010_010.mp4,./data/Video_chunks/Video_chunks\trial_truth_010_010.mp4,3.9,29.97002997002997,116.88311688311688,trial_truth_010,truth
trial_truth_010_011.mp4,./data/Video_chunks/Video_chunks\trial_truth_010_011.mp4,3.9,29.97002997002997,116.88311688311688,trial_truth_010,truth
trial_truth_010_012.mp4,./data/Video_chunks/Video_chunks\trial_truth_010_012.mp4,4.21,29.97002997002997,126.17382617382616,trial_truth_010,truth
trial_truth_010_013.mp4,./data/Video_chunks/Video_chunks\trial_truth_010_013.mp4,3.9,29.97002997002997,116.88311688311688,trial_truth_010,truth
trial_truth_010_014.mp4,./data/Video_chunks/Video_chunks\trial_truth_010_014.mp4,3.93,29.97002997002997,117.78221778221778,trial_truth_010,truth
trial_truth_010_015.mp4,./data/Video_chunks/Video_chunks\trial_truth_010_015.mp4,4.21,29.97002997002997,126.17382617382616,trial_truth_010,truth
trial_truth_010_016.mp4,./data/Video_chunks/Video_chunks\trial_truth_010_016.mp4,3.9,29.97002997002997,116.88311688311688,trial_truth_010,truth
trial_truth_010_017.mp4,./data/Video_chunks/Video_chunks\trial_truth_010_017.mp4,3.87,29.97002997002997,115.98401598401598,trial_truth_010,truth
trial_truth_011_000.mp4,./data/Video_chunks/Video_chunks\trial_truth_011_000.mp4,4.21,29.97002997002997,126.17382617382616,trial_truth_011,truth
trial_truth_011_001.mp4,./data/Video_chunks/Video_chunks\trial_truth_011_001.mp4,3.93,29.97002997002997,117.78221778221778,trial_truth_011,truth
trial_truth_011_002.mp4,./data/Video_chunks/Video_chunks\trial_truth_011_002.mp4,3.9,29.97002997002997,116.88311688311688,trial_truth_011,truth
trial_truth_011_003.mp4,./data/Video_chunks/Video_chunks\trial_truth_011_003.mp4,4.21,29.97002997002997,126.17382617382616,trial_truth_011,truth
trial_truth_011_004.mp4,./data/Video_chunks/Video_chunks\trial_truth_011_004.mp4,3.9,29.97002997002997,116.88311688311688,trial_truth_011,truth
trial_truth_011_005.mp4,./data/Video_chunks/Video_chunks\trial_truth_011_005.mp4,3.9,29.97002997002997,116.88311688311688,trial_truth_011,truth
trial_truth_011_006.mp4,./data/Video_chunks/Video_chunks\trial_truth_011_006.mp4,4.21,29.97002997002997,126.17382617382616,trial_truth_011,truth
trial_truth_011_007.mp4,./data/Video_chunks/Video_chunks\trial_truth_011_007.mp4,3.9,29.97002997002997,116.88311688311688,trial_truth_011,truth
trial_truth_011_008.mp4,./data/Video_chunks/Video_chunks\trial_truth_011_008.mp4,3.88,29.97002997002997,116.28371628371627,trial_truth_011,truth
trial_truth_011_009.mp4,./data/Video_chunks/Video_chunks\trial_truth_011_009.mp4,4.21,29.97002997002997,126.17382617382616,trial_truth_011,truth
trial_truth_015_000.mp4,./data/Video_chunks/Video_chunks\trial_truth_015_000.mp4,4.21,29.97002997002997,126.17382617382616,trial_truth_015,truth
trial_truth_015_001.mp4,./data/Video_chunks/Video_chunks\trial_truth_015_001.mp4,3.93,29.97002997002997,117.78221778221778,trial_truth_015,truth
trial_truth_015_002.mp4,./data/Video_chunks/Video_chunks\trial_truth_015_002.mp4,3.9,29.97002997002997,116.88311688311688,trial_truth_015,truth
trial_truth_015_003.mp4,./data/Video_chunks/Video_chunks\trial_truth_015_003.mp4,4.21,29.97002997002997,126.17382617382616,trial_truth_015,truth
trial_truth_015_004.mp4,./data/Video_chunks/Video_chunks\trial_truth_015_004.mp4,3.9,29.97002997002997,116.88311688311688,trial_truth_015,truth
trial_truth_015_005.mp4,./data/Video_chunks/Video_chunks\trial_truth_015_005.mp4,3.9,29.97002997002997,116.88311688311688,trial_truth_015,truth
trial_truth_015_006.mp4,./data/Video_chunks/Video_chunks\trial_truth_015_006.mp4,4.21,29.97002997002997,126.17382617382616,trial_truth_015,truth
trial_truth_015_007.mp4,./data/Video_chunks/Video_chunks\trial_truth_015_007.mp4,3.9,29.97002997002997,116.88311688311688,trial_truth_015,truth
trial_truth_015_008.mp4,./data/Video_chunks/Video_chunks\trial_truth_015_008.mp4,3.88,29.97002997002997,116.28371628371627,trial_truth_015,truth
trial_truth_025_000.mp4,./data/Video_chunks/Video_chunks\trial_truth_025_000.mp4,4.21,29.97002997002997,126.17382617382616,trial_truth_025,truth
trial_truth_025_001.mp4,./data/Video_chunks/Video_chunks\trial_truth_025_001.mp4,3.9,29.97002997002997,116.88311688311688,trial_truth_025,truth
trial_truth_025_002.mp4,./data/Video_chunks/Video_chunks\trial_truth_025_002.mp4,3.9,29.97002997002997,116.88311688311688,trial_truth_025,truth
trial_truth_025_003.mp4,./data/Video_chunks/Video_chunks\trial_truth_025_003.mp4,4.21,29.97002997002997,126.17382617382616,trial_truth_025,truth
trial_truth_025_004.mp4,./data/Video_chunks/Video_chunks\trial_truth_025_004.mp4,3.9,29.97002997002997,116.88311688311688,trial_truth_025,truth
trial_truth_025_005.mp4,./data/Video_chunks/Video_chunks\trial_truth_025_005.mp4,3.9,29.97002997002997,116.88311688311688,trial_truth_025,truth
trial_truth_025_006.mp4,./data/Video_chunks/Video_chunks\trial_truth_025_006.mp4,4.21,29.97002997002997,126.17382617382616,trial_truth_025,truth
trial_truth_025_007.mp4,./data/Video_chunks/Video_chunks\trial_truth_025_007.mp4,3.93,29.97002997002997,117.78221778221778,trial_truth_025,truth
trial_truth_025_008.mp4,./data/Video_chunks/Video_chunks\trial_truth_025_008.mp4,3.45,29.97002997002997,103.3966033966034,trial_truth_025,truth
trial_truth_026_000.mp4,./data/Video_chunks/Video_chunks\trial_truth_026_000.mp4,4.21,29.97002997002997,126.17382617382616,trial_truth_026,truth
trial_truth_026_001.mp4,./data/Video_chunks/Video_chunks\trial_truth_026_001.mp4,3.9,29.97002997002997,116.88311688311688,trial_truth_026,truth
trial_truth_026_002.mp4,./data/Video_chunks/Video_chunks\trial_truth_026_002.mp4,3.93,29.97002997002997,117.78221778221778,trial_truth_026,truth
trial_truth_026_003.mp4,./data/Video_chunks/Video_chunks\trial_truth_026_003.mp4,4.21,29.97002997002997,126.17382617382616,trial_truth_026,truth
trial_truth_026_004.mp4,./data/Video_chunks/Video_chunks\trial_truth_026_004.mp4,3.9,29.97002997002997,116.88311688311688,trial_truth_026,truth
trial_truth_026_005.mp4,./data/Video_chunks/Video_chunks\trial_truth_026_005.mp4,3.9,29.97002997002997,116.88311688311688,trial_truth_026,truth
trial_truth_026_006.mp4,./data/Video_chunks/Video_chunks\trial_truth_026_006.mp4,4.21,29.97002997002997,126.17382617382616,trial_truth_026,truth
trial_truth_026_007.mp4,./data/Video_chunks/Video_chunks\trial_truth_026_007.mp4,3.87,29.97002997002997,115.98401598401598,trial_truth_026,truth
trial_truth_030_000.mp4,./data/Video_chunks/Video_chunks\trial_truth_030_000.mp4,3.96,25.0,99.0,trial_truth_030,truth
trial_truth_030_001.mp4,./data/Video_chunks/Video_chunks\trial_truth_030_001.mp4,3.97,25.0,99.25,trial_truth_030,truth
trial_truth_030_002.mp4,./data/Video_chunks/Video_chunks\trial_truth_030_002.mp4,4.32,25.0,108.0,trial_truth_030,truth
trial_truth_030_003.mp4,./data/Video_chunks/Video_chunks\trial_truth_030_003.mp4,3.96,25.0,99.0,trial_truth_030,truth
trial_truth_030_004.mp4,./data/Video_chunks/Video_chunks\trial_truth_030_004.mp4,3.97,25.0,99.25,trial_truth_030,truth
trial_truth_030_005.mp4,./data/Video_chunks/Video_chunks\trial_truth_030_005.mp4,3.96,25.0,99.0,trial_truth_030,truth
trial_truth_030_006.mp4,./data/Video_chunks/Video_chunks\trial_truth_030_006.mp4,3.97,25.0,99.25,trial_truth_030,truth
trial_truth_030_007.mp4,./data/Video_chunks/Video_chunks\trial_truth_030_007.mp4,3.96,25.0,99.0,trial_truth_030,truth
trial_truth_030_008.mp4,./data/Video_chunks/Video_chunks\trial_truth_030_008.mp4,3.97,25.0,99.25,trial_truth_030,truth
trial_truth_030_009.mp4,./data/Video_chunks/Video_chunks\trial_truth_030_009.mp4,3.97,25.0,99.25,trial_truth_030,truth
trial_truth_030_010.mp4,./data/Video_chunks/Video_chunks\trial_truth_030_010.mp4,3.96,25.0,99.0,trial_truth_030,truth
trial_truth_030_011.mp4,./data/Video_chunks/Video_chunks\trial_truth_030_011.mp4,4.32,25.0,108.0,trial_truth_030,truth
trial_truth_030_012.mp4,./data/Video_chunks/Video_chunks\trial_truth_030_012.mp4,3.97,25.0,99.25,trial_truth_030,truth
trial_truth_039_000.mp4,./data/Video_chunks/Video_chunks\trial_truth_039_000.mp4,3.96,25.0,99.0,trial_truth_039,truth
trial_truth_039_001.mp4,./data/Video_chunks/Video_chunks\trial_truth_039_001.mp4,3.97,25.0,99.25,trial_truth_039,truth
trial_truth_039_002.mp4,./data/Video_chunks/Video_chunks\trial_truth_039_002.mp4,4.32,25.0,108.0,trial_truth_039,truth
trial_truth_039_003.mp4,./data/Video_chunks/Video_chunks\trial_truth_039_003.mp4,3.96,25.0,99.0,trial_truth_039,truth
trial_truth_039_004.mp4,./data/Video_chunks/Video_chunks\trial_truth_039_004.mp4,3.97,25.0,99.25,trial_truth_039,truth
trial_truth_039_005.mp4,./data/Video_chunks/Video_chunks\trial_truth_039_005.mp4,3.96,25.0,99.0,trial_truth_039,truth
trial_truth_039_006.mp4,./data/Video_chunks/Video_chunks\trial_truth_039_006.mp4,3.97,25.0,99.25,trial_truth_039,truth
trial_truth_039_007.mp4,./data/Video_chunks/Video_chunks\trial_truth_039_007.mp4,4.03,25.0,100.75,trial_truth_039,truth
trial_truth_041_000.mp4,./data/Video_chunks/Video_chunks\trial_truth_041_000.mp4,4.5,10.0,45.0,trial_truth_041,truth
trial_truth_041_001.mp4,./data/Video_chunks/Video_chunks\trial_truth_041_001.mp4,3.6,10.0,36.0,trial_truth_041,truth
trial_truth_041_002.mp4,./data/Video_chunks/Video_chunks\trial_truth_041_002.mp4,4.51,10.0,45.1,trial_truth_041,truth
trial_truth_041_003.mp4,./data/Video_chunks/Video_chunks\trial_truth_041_003.mp4,3.6,10.0,36.0,trial_truth_041,truth
trial_truth_041_004.mp4,./data/Video_chunks/Video_chunks\trial_truth_041_004.mp4,3.6,10.0,36.0,trial_truth_041,truth
trial_truth_041_005.mp4,./data/Video_chunks/Video_chunks\trial_truth_041_005.mp4,4.51,10.0,45.1,trial_truth_041,truth
trial_truth_041_006.mp4,./data/Video_chunks/Video_chunks\trial_truth_041_006.mp4,3.6,10.0,36.0,trial_truth_041,truth
trial_truth_041_007.mp4,./data/Video_chunks/Video_chunks\trial_truth_041_007.mp4,4.51,10.0,45.1,trial_truth_041,truth
trial_truth_045_000.mp4,./data/Video_chunks/Video_chunks\trial_truth_045_000.mp4,4.5,10.0,45.0,trial_truth_045,truth
trial_truth_045_001.mp4,./data/Video_chunks/Video_chunks\trial_truth_045_001.mp4,3.6,10.0,36.0,trial_truth_045,truth
trial_truth_045_002.mp4,./data/Video_chunks/Video_chunks\trial_truth_045_002.mp4,4.51,10.0,45.1,trial_truth_045,truth
trial_truth_045_003.mp4,./data/Video_chunks/Video_chunks\trial_truth_045_003.mp4,3.6,10.0,36.0,trial_truth_045,truth
trial_truth_045_004.mp4,./data/Video_chunks/Video_chunks\trial_truth_045_004.mp4,3.6,10.0,36.0,trial_truth_045,truth
trial_truth_045_005.mp4,./data/Video_chunks/Video_chunks\trial_truth_045_005.mp4,4.51,10.0,45.1,trial_truth_045,truth
trial_truth_045_006.mp4,./data/Video_chunks/Video_chunks\trial_truth_045_006.mp4,3.6,10.0,36.0,trial_truth_045,truth
trial_truth_045_007.mp4,./data/Video_chunks/Video_chunks\trial_truth_045_007.mp4,4.51,10.0,45.1,trial_truth_045,truth
trial_truth_046_000.mp4,./data/Video_chunks/Video_chunks\trial_truth_046_000.mp4,4.5,10.0,45.0,trial_truth_046,truth
trial_truth_046_001.mp4,./data/Video_chunks/Video_chunks\trial_truth_046_001.mp4,3.6,10.0,36.0,trial_truth_046,truth
trial_truth_046_002.mp4,./data/Video_chunks/Video_chunks\trial_truth_046_002.mp4,4.51,10.0,45.1,trial_truth_046,truth
trial_truth_046_003.mp4,./data/Video_chunks/Video_chunks\trial_truth_046_003.mp4,3.6,10.0,36.0,trial_truth_046,truth
trial_truth_046_004.mp4,./data/Video_chunks/Video_chunks\trial_truth_046_004.mp4,3.6,10.0,36.0,trial_truth_046,truth
trial_truth_046_005.mp4,./data/Video_chunks/Video_chunks\trial_truth_046_005.mp4,4.51,10.0,45.1,trial_truth_046,truth
trial_truth_046_006.mp4,./data/Video_chunks/Video_chunks\trial_truth_046_006.mp4,3.6,10.0,36.0,trial_truth_046,truth
trial_truth_046_007.mp4,./data/Video_chunks/Video_chunks\trial_truth_046_007.mp4,4.51,10.0,45.1,trial_truth_046,truth
trial_truth_046_008.mp4,./data/Video_chunks/Video_chunks\trial_truth_046_008.mp4,3.6,10.0,36.0,trial_truth_046,truth
trial_truth_056_000.mp4,./data/Video_chunks/Video_chunks\trial_truth_056_000.mp4,4.21,29.97002997002997,126.17382617382616,trial_truth_056,truth
trial_truth_056_001.mp4,./data/Video_chunks/Video_chunks\trial_truth_056_001.mp4,3.9,29.97002997002997,116.88311688311688,trial_truth_056,truth
trial_truth_056_002.mp4,./data/Video_chunks/Video_chunks\trial_truth_056_002.mp4,3.93,29.97002997002997,117.78221778221778,trial_truth_056,truth
trial_truth_056_003.mp4,./data/Video_chunks/Video_chunks\trial_truth_056_003.mp4,4.21,29.97002997002997,126.17382617382616,trial_truth_056,truth
trial_truth_056_004.mp4,./data/Video_chunks/Video_chunks\trial_truth_056_004.mp4,3.9,29.97002997002997,116.88311688311688,trial_truth_056,truth
trial_truth_056_005.mp4,./data/Video_chunks/Video_chunks\trial_truth_056_005.mp4,3.9,29.97002997002997,116.88311688311688,trial_truth_056,truth
trial_truth_056_006.mp4,./data/Video_chunks/Video_chunks\trial_truth_056_006.mp4,4.21,29.97002997002997,126.17382617382616,trial_truth_056,truth
trial_truth_056_007.mp4,./data/Video_chunks/Video_chunks\trial_truth_056_007.mp4,3.9,29.97002997002997,116.88311688311688,trial_truth_056,truth
trial_truth_057_000.mp4,./data/Video_chunks/Video_chunks\trial_truth_057_000.mp4,4.21,29.97002997002997,126.17382617382616,trial_truth_057,truth
trial_truth_057_001.mp4,./data/Video_chunks/Video_chunks\trial_truth_057_001.mp4,3.9,29.97002997002997,116.88311688311688,trial_truth_057,truth
trial_truth_057_002.mp4,./data/Video_chunks/Video_chunks\trial_truth_057_002.mp4,3.93,29.97002997002997,117.78221778221778,trial_truth_057,truth
trial_truth_057_003.mp4,./data/Video_chunks/Video_chunks\trial_truth_057_003.mp4,4.21,29.97002997002997,126.17382617382616,trial_truth_057,truth
trial_truth_057_004.mp4,./data/Video_chunks/Video_chunks\trial_truth_057_004.mp4,3.9,29.97002997002997,116.88311688311688,trial_truth_057,truth
trial_truth_057_005.mp4,./data/Video_chunks/Video_chunks\trial_truth_057_005.mp4,3.9,29.97002997002997,116.88311688311688,trial_truth_057,truth
trial_truth_057_006.mp4,./data/Video_chunks/Video_chunks\trial_truth_057_006.mp4,4.21,29.97002997002997,126.17382617382616,trial_truth_057,truth
trial_truth_057_007.mp4,./data/Video_chunks/Video_chunks\trial_truth_057_007.mp4,3.9,29.97002997002997,116.88311688311688,trial_truth_057,truth
trial_truth_057_008.mp4,./data/Video_chunks/Video_chunks\trial_truth_057_008.mp4,3.88,29.97002997002997,116.28371628371627,trial_truth_057,truth
